{
	"Type": "Live2D Expression",
	"FadeInTime": 0.25,
	"FadeOutTime": 0.25,
	"Parameters": [
		{
			"Id": "ParamEyeROpen",
			"Value": -0.094,
			"Blend": "Add"
		},
		{
			"Id": "ParamEyeLOpen",
			"Value": -0.059,
			"Blend": "Add"
		},
		{
			"Id": "ParamBrowLAngle",
			"Value": -1,
			"Blend": "Add"
		},
		{
			"Id": "ParamBrowLForm",
			"Value": -0.741,
			"Blend": "Add"
		},
		{
			"Id": "ParamBrowRAngle",
			"Value": -1,
			"Blend": "Add"
		},
		{
			"Id": "ParamBrowRForm",
			"Value": -0.694,
			"Blend": "Add"
		},
		{
			"Id": "ParamBrowRY",
			"Value": -1,
			"Blend": "Add"
		},
		{
			"Id": "ParamBrowLY",
			"Value": -1,
			"Blend": "Add"
		},
		{
			"Id": "ParamEyeLSize",
			"Value": -0.306,
			"Blend": "Add"
		},
		{
			"Id": "EyeRSize",
			"Value": -0.4,
			"Blend": "Add"
		},
		{
			"Id": "ParamMouthForm",
			"Value": -0.553,
			"Blend": "Add"
		}
	]
}