{
	"Type": "Live2D Expression",
	"FadeInTime": 0.25,
	"FadeOutTime": 0.25,
	"Parameters": [
		{
			"Id": "ParamEyeLOpen",
			"Value": -0.153,
			"Blend": "Add"
		},
		{
			"Id": "ParamEyeROpen",
			"Value": -0.141,
			"Blend": "Add"
		},
		{
			"Id": "ParamEyeSize",
			"Value": -0.682,
			"Blend": "Add"
		},
		{
			"Id": "ParamBrowRAngle",
			"Value": -1,
			"Blend": "Add"
		},
		{
			"Id": "ParamBrowLForm",
			"Value": -1,
			"Blend": "Add"
		},
		{
			"Id": "ParamBrowLAngle",
			"Value": -1,
			"Blend": "Add"
		},
		{
			"Id": "ParamBrowRForm",
			"Value": -1,
			"Blend": "Add"
		},
		{
			"Id": "ParamMouthForm",
			"Value": -0.412,
			"Blend": "Add"
		},
		{
			"Id": "ParamEyeBallY",
			"Value": 0.012,
			"Blend": "Add"
		},
		{
			"Id": "ParamEyeBallX",
			"Value": 0.012,
			"Blend": "Add"
		}
	]
}