{
	"Type": "Live2D Expression",
	"FadeInTime": 0.25,
	"FadeOutTime": 0.25,
	"Parameters": [
		{
			"Id": "ParamBrowLAngle",
			"Value": -0.224,
			"Blend": "Add"
		},
		{
			"Id": "ParamBrowLForm",
			"Value": -0.576,
			"Blend": "Add"
		},
		{
			"Id": "ParamBrowRAngle",
			"Value": -0.129,
			"Blend": "Add"
		},
		{
			"Id": "ParamBrowRForm",
			"Value": -0.6,
			"Blend": "Add"
		},
		{
			"Id": "ParamBrowLY",
			"Value": -0.271,
			"Blend": "Add"
		},
		{
			"Id": "ParamBrowRY",
			"Value": -0.318,
			"Blend": "Add"
		},
		{
			"Id": "ParamEyeROpen",
			"Value": -0.094,
			"Blend": "Add"
		},
		{
			"Id": "ParamEyeLOpen",
			"Value": -0.082,
			"Blend": "Add"
		},
		{
			"Id": "ParamMouthForm",
			"Value": -0.694,
			"Blend": "Add"
		}
	]
}