{
	"Version": 3,
	"Meta": {
		"Duration": 4.967,
		"Fps": 30.0,
		"Loop": true,
		"AreBeziersRestricted": false,
		"CurveCount": 29,
		"TotalSegmentCount": 53,
		"TotalPointCount": 136,
		"UserDataCount": 0,
		"TotalUserDataSize": 0
	},
	"Curves": [
		{
			"Target": "Parameter",
			"Id": "ParamAngleX",
			"Segments": [
				0,
				0,
				0,
				4.967,
				0
			]
		},
		{
			"Target": "Parameter",
			"Id": "ParamAngleY",
			"Segments": [
				0,
				0,
				0,
				4.967,
				0
			]
		},
		{
			"Target": "Parameter",
			"Id": "ParamAngleZ",
			"Segments": [
				0,
				0,
				0,
				4.967,
				0
			]
		},
		{
			"Target": "Parameter",
			"Id": "ParamEyeLOpen",
			"Segments": [
				0,
				1,
				1,
				0.667,
				1,
				1.333,
				1,
				2,
				1,
				1,
				2.044,
				1,
				2.089,
				0,
				2.133,
				0,
				1,
				2.178,
				0,
				2.222,
				1,
				2.267,
				1,
				0,
				4.967,
				1
			]
		},
		{
			"Target": "Parameter",
			"Id": "ParamEyeLSmile",
			"Segments": [
				0,
				0,
				0,
				4.967,
				0
			]
		},
		{
			"Target": "Parameter",
			"Id": "ParamEyeROpen",
			"Segments": [
				0,
				1,
				1,
				0.667,
				1,
				1.333,
				1,
				2,
				1,
				1,
				2.044,
				1,
				2.089,
				0,
				2.133,
				0,
				1,
				2.178,
				0,
				2.222,
				1,
				2.267,
				1,
				0,
				4.967,
				1
			]
		},
		{
			"Target": "Parameter",
			"Id": "ParamEyeRSmile",
			"Segments": [
				0,
				0,
				0,
				4.967,
				0
			]
		},
		{
			"Target": "Parameter",
			"Id": "EyeRSize",
			"Segments": [
				0,
				0,
				0,
				4.967,
				0
			]
		},
		{
			"Target": "Parameter",
			"Id": "ParamEyeLSize",
			"Segments": [
				0,
				0,
				0,
				4.967,
				0
			]
		},
		{
			"Target": "Parameter",
			"Id": "ParamEyeBallX",
			"Segments": [
				0,
				0,
				0,
				4.967,
				0
			]
		},
		{
			"Target": "Parameter",
			"Id": "ParamEyeBallY",
			"Segments": [
				0,
				0,
				0,
				4.967,
				0
			]
		},
		{
			"Target": "Parameter",
			"Id": "ParamBrowLY",
			"Segments": [
				0,
				0,
				0,
				4.967,
				0
			]
		},
		{
			"Target": "Parameter",
			"Id": "ParamBrowRY",
			"Segments": [
				0,
				0,
				0,
				4.967,
				0
			]
		},
		{
			"Target": "Parameter",
			"Id": "ParamBrowLX",
			"Segments": [
				0,
				0,
				0,
				4.967,
				0
			]
		},
		{
			"Target": "Parameter",
			"Id": "ParamBrowRX",
			"Segments": [
				0,
				0,
				0,
				4.967,
				0
			]
		},
		{
			"Target": "Parameter",
			"Id": "ParamBrowRForm",
			"Segments": [
				0,
				0,
				0,
				4.967,
				0
			]
		},
		{
			"Target": "Parameter",
			"Id": "ParamBrowRAngle",
			"Segments": [
				0,
				0,
				0,
				4.967,
				0
			]
		},
		{
			"Target": "Parameter",
			"Id": "ParamBrowLForm",
			"Segments": [
				0,
				0,
				0,
				4.967,
				0
			]
		},
		{
			"Target": "Parameter",
			"Id": "ParamBrowLAngle",
			"Segments": [
				0,
				0,
				0,
				4.967,
				0
			]
		},
		{
			"Target": "Parameter",
			"Id": "ParamFinPhysics",
			"Segments": [
				0,
				0,
				1,
				0.667,
				0,
				1.333,
				0,
				2,
				0,
				1,
				2.033,
				0,
				2.067,
				0.801,
				2.1,
				0.801,
				1,
				2.189,
				0.801,
				2.278,
				-1,
				2.367,
				-1,
				1,
				2.467,
				-1,
				2.567,
				0.518,
				2.667,
				0.518,
				1,
				2.778,
				0.518,
				2.889,
				-0.234,
				3,
				-0.234,
				1,
				3.111,
				-0.234,
				3.222,
				0.107,
				3.333,
				0.107,
				1,
				3.444,
				0.107,
				3.556,
				-0.05,
				3.667,
				-0.05,
				1,
				3.778,
				-0.05,
				3.889,
				0.023,
				4,
				0.023,
				1,
				4.122,
				0.023,
				4.244,
				-0.011,
				4.367,
				-0.011,
				1,
				4.478,
				-0.011,
				4.589,
				0.005,
				4.7,
				0.005,
				1,
				4.789,
				0.005,
				4.878,
				-0.002,
				4.967,
				-0.002
			]
		},
		{
			"Target": "Parameter",
			"Id": "ParamMouthForm",
			"Segments": [
				0,
				0,
				0,
				4.967,
				0
			]
		},
		{
			"Target": "Parameter",
			"Id": "ParamMouthOpenY",
			"Segments": [
				0,
				0,
				0,
				4.967,
				0
			]
		},
		{
			"Target": "Parameter",
			"Id": "ParamBodyAngleX",
			"Segments": [
				0,
				0,
				0,
				4.967,
				0
			]
		},
		{
			"Target": "Parameter",
			"Id": "ParamBodyAngleY",
			"Segments": [
				0,
				0,
				0,
				4.967,
				0
			]
		},
		{
			"Target": "Parameter",
			"Id": "ParamBodyAngleZ",
			"Segments": [
				0,
				0,
				0,
				4.967,
				0
			]
		},
		{
			"Target": "Parameter",
			"Id": "ParamBreath",
			"Segments": [
				0,
				0,
				1,
				0.833,
				0,
				1.667,
				1,
				2.5,
				1,
				1,
				3.322,
				1,
				4.144,
				0,
				4.967,
				0
			]
		},
		{
			"Target": "Parameter",
			"Id": "ParamHairFront",
			"Segments": [
				0,
				0,
				1,
				0.4,
				0,
				0.8,
				-0.252,
				1.2,
				-0.252,
				1,
				2.056,
				-0.252,
				2.911,
				0.251,
				3.767,
				0.251,
				1,
				4.167,
				0.251,
				4.567,
				0,
				4.967,
				0
			]
		},
		{
			"Target": "Parameter",
			"Id": "ParamHairBack",
			"Segments": [
				0,
				0,
				1,
				0.4,
				0,
				0.8,
				-0.252,
				1.2,
				-0.252,
				1,
				2.056,
				-0.252,
				2.911,
				0.251,
				3.767,
				0.251,
				1,
				4.167,
				0.251,
				4.567,
				0,
				4.967,
				0
			]
		},
		{
			"Target": "Parameter",
			"Id": "ParamArmorShine",
			"Segments": [
				0,
				-1,
				0,
				0.167,
				-1,
				1,
				0.444,
				-1,
				0.722,
				-0.667,
				1,
				0,
				1,
				1.278,
				0.667,
				1.556,
				1,
				1.833,
				1,
				0,
				4.967,
				1
			]
		}
	]
}