{
	"Type": "Live2D Expression",
	"FadeInTime": 0.25,
	"FadeOutTime": 0.25,
	"Parameters": [
		{
			"Id": "ParamEyeRSmile",
			"Value": 1,
			"Blend": "Add"
		},
		{
			"Id": "ParamEyeLSmile",
			"Value": 1,
			"Blend": "Add"
		},
		{
			"Id": "ParamMouthForm",
			"Value": 0.882,
			"Blend": "Add"
		},
		{
			"Id": "ParamEyeLOpen",
			"Value": -0.059,
			"Blend": "Add"
		},
		{
			"Id": "ParamEyeROpen",
			"Value": -0.082,
			"Blend": "Add"
		},
		{
			"Id": "ParamBrowRAngle",
			"Value": 0.459,
			"Blend": "Add"
		},
		{
			"Id": "ParamBrowRForm",
			"Value": 0.082,
			"Blend": "Add"
		},
		{
			"Id": "ParamBrowLForm",
			"Value": 0,
			"Blend": "Add"
		},
		{
			"Id": "ParamBrowLAngle",
			"Value": 0.812,
			"Blend": "Add"
		}
	]
}