{
	"Type": "Live2D Expression",
	"FadeInTime": 0.25,
	"FadeOutTime": 0.25,
	"Parameters": [
		{
			"Id": "EyeRSize",
			"Value": -0.776,
			"Blend": "Add"
		},
		{
			"Id": "ParamEyeLSize",
			"Value": -0.729,
			"Blend": "Add"
		},
		{
			"Id": "ParamBrowRAngle",
			"Value": 1,
			"Blend": "Add"
		},
		{
			"Id": "ParamBrowRY",
			"Value": 0.553,
			"Blend": "Add"
		},
		{
			"Id": "ParamBrowLY",
			"Value": 1,
			"Blend": "Add"
		},
		{
			"Id": "ParamBrowLAngle",
			"Value": 1,
			"Blend": "Add"
		},
		{
			"Id": "ParamBrowRForm",
			"Value": 0.318,
			"Blend": "Add"
		},
		{
			"Id": "ParamBrowLForm",
			"Value": 0.459,
			"Blend": "Add"
		},
		{
			"Id": "ParamMouthForm",
			"Value": -0.224,
			"Blend": "Add"
		}
	]
}