{
	"Type": "Live2D Expression",
	"FadeInTime": 0.35,
	"FadeOutTime": 0.35,
	"Parameters": [
		{
			"Id": "ParamEyeROpen",
			"Value": -0.106,
			"Blend": "Add"
		},
		{
			"Id": "ParamEyeLOpen",
			"Value": -0.118,
			"Blend": "Add"
		},
		{
			"Id": "ParamBrowRForm",
			"Value": -0.765,
			"Blend": "Add"
		},
		{
			"Id": "ParamBrowLForm",
			"Value": -0.365,
			"Blend": "Add"
		},
		{
			"Id": "ParamBrowRAngle",
			"Value": -0.412,
			"Blend": "Add"
		},
		{
			"Id": "ParamBrowLAngle",
			"Value": -1,
			"Blend": "Add"
		},
		{
			"Id": "ParamMouthForm",
			"Value": -0.812,
			"Blend": "Add"
		},
		{
			"Id": "ParamEyeSize",
			"Value": -0.176,
			"Blend": "Add"
		}
	]
}