{
	"Version": 3,
	"Meta": {
		"Duration": 4.967,
		"Fps": 30.0,
		"Loop": true,
		"AreBeziersRestricted": false,
		"CurveCount": 30,
		"TotalSegmentCount": 60,
		"TotalPointCount": 162,
		"UserDataCount": 0,
		"TotalUserDataSize": 0
	},
	"Curves": [
		{
			"Target": "Parameter",
			"Id": "ParamAngleX",
			"Segments": [
				0,
				0,
				0,
				4.967,
				0
			]
		},
		{
			"Target": "Parameter",
			"Id": "ParamAngleY",
			"Segments": [
				0,
				0,
				0,
				4.967,
				0
			]
		},
		{
			"Target": "Parameter",
			"Id": "ParamAngleZ",
			"Segments": [
				0,
				0,
				0,
				4.967,
				0
			]
		},
		{
			"Target": "Parameter",
			"Id": "ParamEyeLOpen",
			"Segments": [
				0,
				1,
				1,
				0.667,
				1,
				1.333,
				1,
				2,
				1,
				1,
				2.044,
				1,
				2.089,
				0,
				2.133,
				0,
				1,
				2.178,
				0,
				2.222,
				1,
				2.267,
				1,
				0,
				4.967,
				1
			]
		},
		{
			"Target": "Parameter",
			"Id": "ParamEyeLSmile",
			"Segments": [
				0,
				0,
				0,
				4.967,
				0
			]
		},
		{
			"Target": "Parameter",
			"Id": "ParamEyeROpen",
			"Segments": [
				0,
				1,
				1,
				0.667,
				1,
				1.333,
				1,
				2,
				1,
				1,
				2.044,
				1,
				2.089,
				0,
				2.133,
				0,
				1,
				2.178,
				0,
				2.222,
				1,
				2.267,
				1,
				0,
				4.967,
				1
			]
		},
		{
			"Target": "Parameter",
			"Id": "ParamEyeRSmile",
			"Segments": [
				0,
				0,
				0,
				4.967,
				0
			]
		},
		{
			"Target": "Parameter",
			"Id": "ParamEyeBallX",
			"Segments": [
				0,
				0,
				0,
				4.967,
				0
			]
		},
		{
			"Target": "Parameter",
			"Id": "ParamEyeBallY",
			"Segments": [
				0,
				0,
				0,
				4.967,
				0
			]
		},
		{
			"Target": "Parameter",
			"Id": "ParamEyeSize",
			"Segments": [
				0,
				0,
				0,
				4.967,
				0
			]
		},
		{
			"Target": "Parameter",
			"Id": "ParamBrowLY",
			"Segments": [
				0,
				0,
				0,
				4.967,
				0
			]
		},
		{
			"Target": "Parameter",
			"Id": "ParamBrowRY",
			"Segments": [
				0,
				0,
				0,
				4.967,
				0
			]
		},
		{
			"Target": "Parameter",
			"Id": "ParamBrowLX",
			"Segments": [
				0,
				0,
				0,
				4.967,
				0
			]
		},
		{
			"Target": "Parameter",
			"Id": "ParamBrowRX",
			"Segments": [
				0,
				0,
				0,
				4.967,
				0
			]
		},
		{
			"Target": "Parameter",
			"Id": "ParamBrowLAngle",
			"Segments": [
				0,
				0,
				0,
				4.967,
				0
			]
		},
		{
			"Target": "Parameter",
			"Id": "ParamBrowLForm",
			"Segments": [
				0,
				0,
				0,
				4.967,
				0
			]
		},
		{
			"Target": "Parameter",
			"Id": "ParamBrowRAngle",
			"Segments": [
				0,
				0,
				0,
				4.967,
				0
			]
		},
		{
			"Target": "Parameter",
			"Id": "ParamBrowRForm",
			"Segments": [
				0,
				0,
				0,
				4.967,
				0
			]
		},
		{
			"Target": "Parameter",
			"Id": "ParamEarPhyisics",
			"Segments": [
				0,
				0,
				1,
				0.667,
				0,
				1.333,
				0,
				2,
				0,
				1,
				2.033,
				0,
				2.067,
				-0.801,
				2.1,
				-0.801,
				1,
				2.189,
				-0.801,
				2.278,
				1,
				2.367,
				1,
				1,
				2.467,
				1,
				2.567,
				-0.518,
				2.667,
				-0.518,
				1,
				2.778,
				-0.518,
				2.889,
				0.234,
				3,
				0.234,
				1,
				3.111,
				0.234,
				3.222,
				-0.107,
				3.333,
				-0.107,
				1,
				3.444,
				-0.107,
				3.556,
				0.05,
				3.667,
				0.05,
				1,
				3.778,
				0.05,
				3.889,
				-0.023,
				4,
				-0.023,
				1,
				4.122,
				-0.023,
				4.244,
				0.011,
				4.367,
				0.011,
				1,
				4.478,
				0.011,
				4.589,
				-0.005,
				4.7,
				-0.005,
				1,
				4.789,
				-0.005,
				4.878,
				0.002,
				4.967,
				0.002
			]
		},
		{
			"Target": "Parameter",
			"Id": "ParamMouthForm",
			"Segments": [
				0,
				0,
				0,
				4.967,
				0
			]
		},
		{
			"Target": "Parameter",
			"Id": "ParamMouthOpenY",
			"Segments": [
				0,
				0,
				0,
				4.967,
				0
			]
		},
		{
			"Target": "Parameter",
			"Id": "ParamCheek",
			"Segments": [
				0,
				0,
				0,
				4.967,
				0
			]
		},
		{
			"Target": "Parameter",
			"Id": "ParamBodyAngleX",
			"Segments": [
				0,
				0,
				0,
				4.967,
				0
			]
		},
		{
			"Target": "Parameter",
			"Id": "ParamBodyAngleY",
			"Segments": [
				0,
				0,
				0,
				4.967,
				0
			]
		},
		{
			"Target": "Parameter",
			"Id": "ParamBodyAngleZ",
			"Segments": [
				0,
				0,
				0,
				4.967,
				0
			]
		},
		{
			"Target": "Parameter",
			"Id": "ParamBreath",
			"Segments": [
				0,
				0,
				1,
				0.667,
				0,
				1.333,
				1,
				2,
				1,
				1,
				2.667,
				1,
				3.333,
				0,
				4,
				0,
				1,
				4.322,
				0,
				4.644,
				0,
				4.967,
				0
			]
		},
		{
			"Target": "Parameter",
			"Id": "ParamHairFront",
			"Segments": [
				0,
				0,
				1,
				0.233,
				0,
				0.467,
				-0.12,
				0.7,
				-0.12,
				1,
				0.722,
				-0.12,
				0.744,
				-0.12,
				0.767,
				-0.12,
				1,
				0.9,
				-0.12,
				1.033,
				-0.148,
				1.167,
				-0.148,
				1,
				1.989,
				-0.148,
				2.811,
				0.143,
				3.633,
				0.143,
				1,
				4.078,
				0.143,
				4.522,
				0.001,
				4.967,
				0.001
			]
		},
		{
			"Target": "Parameter",
			"Id": "ParamHairSide",
			"Segments": [
				0,
				0,
				1,
				0.233,
				0,
				0.467,
				-0.12,
				0.7,
				-0.12,
				1,
				0.722,
				-0.12,
				0.744,
				-0.12,
				0.767,
				-0.12,
				1,
				0.9,
				-0.12,
				1.033,
				-0.148,
				1.167,
				-0.148,
				1,
				1.989,
				-0.148,
				2.811,
				0.144,
				3.633,
				0.144,
				1,
				4.078,
				0.144,
				4.522,
				0.001,
				4.967,
				0.001
			]
		},
		{
			"Target": "Parameter",
			"Id": "ParamHairBack",
			"Segments": [
				0,
				0,
				1,
				0.389,
				0,
				0.778,
				-0.098,
				1.167,
				-0.098,
				1,
				1.989,
				-0.098,
				2.811,
				0.095,
				3.633,
				0.095,
				1,
				4.078,
				0.095,
				4.522,
				0.001,
				4.967,
				0.001
			]
		},
		{
			"Target": "Parameter",
			"Id": "ParamTailMove",
			"Segments": [
				0,
				0,
				1,
				0.578,
				0,
				1.156,
				-0.157,
				1.733,
				-0.157,
				1,
				2.389,
				-0.157,
				3.044,
				0.212,
				3.7,
				0.212,
				1,
				4.035,
				0.187,
				4.544,
				0,
				4.967,
				0
			]
		}
	]
}