{
	"Type": "Live2D Expression",
	"FadeInTime": 0.15,
	"FadeOutTime": 0.3,
	"Parameters": [
		{
			"Id": "ParamMouthForm",
			"Value": -0.671,
			"Blend": "Add"
		},
		{
			"Id": "ParamBrowRForm",
			"Value": 0,
			"Blend": "Add"
		},
		{
			"Id": "ParamBrowLForm",
			"Value": 0.271,
			"Blend": "Add"
		},
		{
			"Id": "ParamEyeSize",
			"Value": -0.553,
			"Blend": "Add"
		},
		{
			"Id": "ParamBrowRAngle",
			"Value": 1,
			"Blend": "Add"
		},
		{
			"Id": "ParamBrowLAngle",
			"Value": 0.082,
			"Blend": "Add"
		}
	]
}