{
	"Type": "Live2D Expression",
	"FadeInTime": 0.25,
	"FadeOutTime": 0.25,
	"Parameters": [
		{
			"Id": "ParamEyeROpen",
			"Value": -0.176,
			"Blend": "Add"
		},
		{
			"Id": "ParamEyeLOpen",
			"Value": -0.2,
			"Blend": "Add"
		},
		{
			"Id": "ParamBrowRAngle",
			"Value": 0.271,
			"Blend": "Add"
		},
		{
			"Id": "ParamBrowLForm",
			"Value": -0.129,
			"Blend": "Add"
		},
		{
			"Id": "ParamBrowLAngle",
			"Value": 0.294,
			"Blend": "Add"
		},
		{
			"Id": "ParamBrowRForm",
			"Value": -0.271,
			"Blend": "Add"
		},
		{
			"Id": "ParamMouthForm",
			"Value": -0.788,
			"Blend": "Add"
		},
		{
			"Id": "ParamEyeBallY",
			"Value": -0.506,
			"Blend": "Add"
		},
		{
			"Id": "ParamEyeBallX",
			"Value": 0.059,
			"Blend": "Add"
		}
	]
}