{
	"Version": 3,
	"Parameters": [
		{
			"Id": "ParamAngleX",
			"GroupId": "",
			"Name": "Angle X"
		},
		{
			"Id": "ParamAngleY",
			"GroupId": "",
			"Name": "Angle Y"
		},
		{
			"Id": "ParamAngleZ",
			"GroupId": "",
			"Name": "Angle Z"
		},
		{
			"Id": "ParamEyeLOpen",
			"GroupId": "",
			"Name": "EyeL Open"
		},
		{
			"Id": "ParamEyeLSmile",
			"GroupId": "",
			"Name": "EyeL Smile"
		},
		{
			"Id": "ParamEyeROpen",
			"GroupId": "",
			"Name": "EyeR Open"
		},
		{
			"Id": "ParamEyeRSmile",
			"GroupId": "",
			"Name": "EyeR Smile"
		},
		{
			"Id": "ParamEyeBallX",
			"GroupId": "",
			"Name": "Eyeball X"
		},
		{
			"Id": "ParamEyeBallY",
			"GroupId": "",
			"Name": "Eyeball Y"
		},
		{
			"Id": "ParamBrowLY",
			"GroupId": "",
			"Name": "BrowL Y"
		},
		{
			"Id": "ParamBrowRY",
			"GroupId": "",
			"Name": "BrowR Y"
		},
		{
			"Id": "ParamBrowLX",
			"GroupId": "",
			"Name": "BrowL X"
		},
		{
			"Id": "ParamBrowRX",
			"GroupId": "",
			"Name": "BrowR X"
		},
		{
			"Id": "ParamBrowLAngle",
			"GroupId": "",
			"Name": "BrowL Angle"
		},
		{
			"Id": "ParamBrowLForm",
			"GroupId": "",
			"Name": "BrowL Form"
		},
		{
			"Id": "ParamBrowRAngle",
			"GroupId": "",
			"Name": "BrowR Angle"
		},
		{
			"Id": "ParamBrowRForm",
			"GroupId": "",
			"Name": "BrowR Form"
		},
		{
			"Id": "ParamMouthForm",
			"GroupId": "",
			"Name": "Mouth Form"
		},
		{
			"Id": "ParamMouthOpenY",
			"GroupId": "",
			"Name": "Mouth Open"
		},
		{
			"Id": "ParamCheek",
			"GroupId": "",
			"Name": "Cheek"
		},
		{
			"Id": "ParamBodyAngleX",
			"GroupId": "",
			"Name": "Body X"
		},
		{
			"Id": "ParamBodyAngleY",
			"GroupId": "",
			"Name": "Body Y"
		},
		{
			"Id": "ParamBodyAngleZ",
			"GroupId": "",
			"Name": "Body Z"
		},
		{
			"Id": "ParamBreath",
			"GroupId": "",
			"Name": "Breath"
		},
		{
			"Id": "ParamHairFront",
			"GroupId": "",
			"Name": "Hair Move Front"
		},
		{
			"Id": "ParamFinPhysics",
			"GroupId": "",
			"Name": "fin physics"
		},
		{
			"Id": "ParamHairBack",
			"GroupId": "",
			"Name": "Hair Move Back"
		},
		{
			"Id": "ParamEyeSize",
			"GroupId": "",
			"Name": "Eye Size"
		}
	],
	"ParameterGroups": [],
	"Parts": [
		{
			"Id": "Part",
			"Name": "character"
		},
		{
			"Id": "head",
			"Name": "head"
		},
		{
			"Id": "hair",
			"Name": "hair"
		},
		{
			"Id": "face",
			"Name": "face"
		},
		{
			"Id": "L_eye",
			"Name": "L_eye"
		},
		{
			"Id": "R_eye",
			"Name": "R_eye"
		},
		{
			"Id": "mouth",
			"Name": "mouth"
		}
	],
	"CombinedParameters": [
		[
			"ParamEyeBallX",
			"ParamEyeBallY"
		]
	]
}