{
	"Type": "Live2D Expression",
	"FadeInTime": 0.25,
	"FadeOutTime": 0.25,
	"Parameters": [
		{
			"Id": "ParamEyeRSmile",
			"Value": 1,
			"Blend": "Add"
		},
		{
			"Id": "ParamEyeLSmile",
			"Value": 1,
			"Blend": "Add"
		},
		{
			"Id": "ParamMouthForm",
			"Value": 1,
			"Blend": "Add"
		},
		{
			"Id": "ParamBrowRAngle",
			"Value": 0.224,
			"Blend": "Add"
		},
		{
			"Id": "ParamBrowLForm",
			"Value": 0,
			"Blend": "Add"
		},
		{
			"Id": "ParamBrowLAngle",
			"Value": 0.129,
			"Blend": "Add"
		},
		{
			"Id": "ParamBrowRForm",
			"Value": 0,
			"Blend": "Add"
		}
	]
}